station,date,headway_minutes,hour
Nässjö c,2024-09-28,25.0,23
Strångsjö,2024-09-28,5.0,21
Falköpings c,2024-01-02,865.0,1
Falköpings c,2024-01-04,865.0,1
Falköpings c,2024-01-05,865.0,1
Falköpings c,2024-01-08,865.0,1
Falköpings c,2024-01-12,865.0,1
Falköpings c,2024-01-15,865.0,1
Falköpings c,2024-01-16,865.0,1
Falköpings c,2024-01-18,865.0,1
Falköpings c,2024-01-19,865.0,1
Falköpings c,2024-01-25,865.0,1
Falköpings c,2024-01-26,865.0,1
Falköpings c,2024-01-29,865.0,1
Falköpings c,2024-01-30,865.0,1
Falköpings c,2024-02-01,865.0,1
Falköpings c,2024-02-02,865.0,1
Falköpings c,2024-02-05,865.0,1
Falköpings c,2024-02-08,865.0,1
Falköpings c,2024-02-09,865.0,1
Falköpings c,2024-02-12,865.0,1
Falköpings c,2024-02-13,865.0,1
Falköpings c,2024-02-19,865.0,1
Falköpings c,2024-02-22,865.0,1
Falköpings c,2024-02-23,865.0,1
Falköpings c,2024-02-26,865.0,1
Falköpings c,2024-03-01,865.0,1
Falköpings c,2024-03-04,865.0,1
Falköpings c,2024-03-08,865.0,1
Falköpings c,2024-03-11,900.0,0
Falköpings c,2024-03-14,865.0,1
Falköpings c,2024-03-15,865.0,1
Falköpings c,2024-03-18,865.0,1
Falköpings c,2024-03-21,865.0,1
Falköpings c,2024-03-22,865.0,1
Falköpings c,2024-03-25,865.0,1
Falköpings c,2024-03-26,865.0,1
Falköpings c,2024-03-27,865.0,1
Falköpings c,2024-04-02,863.0,1
Falköpings c,2024-04-05,862.0,1
Falköpings c,2024-04-08,862.0,1
Falköpings c,2024-04-11,862.0,1
Falköpings c,2024-04-12,862.0,1
Falköpings c,2024-04-15,862.0,1
Falköpings c,2024-04-16,862.0,1
Falköpings c,2024-04-18,862.0,1
Falköpings c,2024-04-24,862.0,1
Falköpings c,2024-04-25,862.0,1
Falköpings c,2024-04-26,862.0,1
Falköpings c,2024-04-29,862.0,1
Falköpings c,2024-05-03,862.0,1
Falköpings c,2024-05-06,841.0,1
Falköpings c,2024-05-07,841.0,1
Falköpings c,2024-05-08,862.0,1
Falköpings c,2024-05-10,862.0,1
Falköpings c,2024-05-14,862.0,1
Falköpings c,2024-05-15,862.0,1
Falköpings c,2024-05-16,862.0,1
Falköpings c,2024-05-17,862.0,1
Falköpings c,2024-05-22,862.0,1
Falköpings c,2024-05-23,862.0,1
Falköpings c,2024-05-24,862.0,1
Falköpings c,2024-05-27,862.0,1
Falköpings c,2024-05-28,862.0,1
Falköpings c,2024-05-29,862.0,1
Falköpings c,2024-05-30,862.0,1
Falköpings c,2024-05-31,862.0,1
Falköpings c,2024-06-03,862.0,1
Falköpings c,2024-06-04,862.0,1
Falköpings c,2024-06-05,862.0,1
Falköpings c,2024-06-07,862.0,1
Falköpings c,2024-06-10,862.0,1
Falköpings c,2024-06-12,862.0,1
Falköpings c,2024-06-13,862.0,1
Falköpings c,2024-06-14,862.0,1
Falköpings c,2024-06-17,862.0,1
Falköpings c,2024-06-18,862.0,1
Falköpings c,2024-06-19,862.0,1
Falköpings c,2024-06-20,862.0,1
Falköpings c,2024-06-24,862.0,1
Falköpings c,2024-06-25,862.0,1
Falköpings c,2024-07-02,862.0,1
Falköpings c,2024-07-03,862.0,1
Falköpings c,2024-07-08,862.0,1
Falköpings c,2024-07-09,862.0,1
Falköpings c,2024-07-10,862.0,1
Falköpings c,2024-07-11,862.0,1
Falköpings c,2024-07-12,862.0,1
Falköpings c,2024-07-15,862.0,1
Falköpings c,2024-07-17,862.0,1
Falköpings c,2024-07-19,862.0,1
Falköpings c,2024-07-22,862.0,1
Falköpings c,2024-07-24,862.0,1
Falköpings c,2024-07-26,862.0,1
Falköpings c,2024-07-31,862.0,1
Falköpings c,2024-08-16,862.0,1
Falköpings c,2024-08-19,862.0,1
Falköpings c,2024-08-21,862.0,1
Falköpings c,2024-08-28,862.0,1
Falköpings c,2024-08-30,862.0,1
Falköpings c,2024-09-02,862.0,1
Falköpings c,2024-09-03,862.0,1
Falköpings c,2024-09-04,862.0,1
Falköpings c,2024-09-05,862.0,1
Falköpings c,2024-09-06,862.0,1
Falköpings c,2024-09-11,862.0,1
Falköpings c,2024-09-17,862.0,1
Falköpings c,2024-09-18,862.0,1
Falköpings c,2024-09-19,862.0,1
Falköpings c,2024-09-24,862.0,1
Falköpings c,2024-09-25,862.0,1
Falköpings c,2024-09-26,862.0,1
Falköpings c,2024-09-27,862.0,1
Falköpings c,2024-10-02,862.0,1
Falköpings c,2024-10-03,862.0,1
Falköpings c,2024-10-08,862.0,1
Falköpings c,2024-10-09,862.0,1
Falköpings c,2024-10-10,858.0,1
Falköpings c,2024-10-11,862.0,1
Falköpings c,2024-10-14,862.0,1
Falköpings c,2024-10-15,862.0,1
Falköpings c,2024-10-16,862.0,1
Falköpings c,2024-10-17,862.0,1
Falköpings c,2024-10-18,859.0,1
Falköpings c,2024-10-21,862.0,1
Falköpings c,2024-10-22,862.0,1
Falköpings c,2024-10-29,862.0,1
Falköpings c,2024-10-31,844.0,1
Falköpings c,2024-11-01,862.0,1
Falköpings c,2024-11-04,862.0,1
Falköpings c,2024-11-05,862.0,1
Falköpings c,2024-11-06,862.0,1
Falköpings c,2024-11-07,862.0,1
Falköpings c,2024-11-12,862.0,1
Falköpings c,2024-11-15,862.0,1
Falköpings c,2024-11-18,862.0,1
Falköpings c,2024-11-19,862.0,1
Falköpings c,2024-11-20,862.0,1
Falköpings c,2024-11-21,862.0,1
Falköpings c,2024-11-22,862.0,1
Falköpings c,2024-11-25,862.0,1
Falköpings c,2024-11-26,862.0,1
Falköpings c,2024-11-27,862.0,1
Falköpings c,2024-11-28,862.0,1
Falköpings c,2024-11-29,862.0,1
Falköpings c,2024-12-02,862.0,1
Falköpings c,2024-12-03,862.0,1
Falköpings c,2024-12-04,862.0,1
Falköpings c,2024-12-05,862.0,1
Falköpings c,2024-12-06,862.0,1
Falköpings c,2024-12-09,862.0,1
Falköpings c,2024-12-10,862.0,1
Falköpings c,2024-12-12,862.0,1
Falköpings c,2024-12-13,862.0,1
Hallsbergs pbg,2024-01-02,630.0,2
Hallsbergs pbg,2024-01-04,630.0,2
Hallsbergs pbg,2024-01-05,630.0,2
Hallsbergs pbg,2024-01-08,630.0,2
Hallsbergs pbg,2024-01-12,630.0,2
Hallsbergs pbg,2024-01-15,630.0,2
Hallsbergs pbg,2024-01-16,630.0,2
Hallsbergs pbg,2024-01-18,630.0,2
Hallsbergs pbg,2024-01-19,630.0,2
Hallsbergs pbg,2024-01-25,630.0,2
Hallsbergs pbg,2024-01-26,630.0,2
Hallsbergs pbg,2024-01-29,630.0,2
Hallsbergs pbg,2024-01-30,630.0,2
Hallsbergs pbg,2024-02-01,630.0,2
Hallsbergs pbg,2024-02-02,630.0,2
Hallsbergs pbg,2024-02-05,630.0,2
Hallsbergs pbg,2024-02-08,630.0,2
Hallsbergs pbg,2024-02-09,630.0,2
Hallsbergs pbg,2024-02-12,630.0,2
Hallsbergs pbg,2024-02-13,630.0,2
Hallsbergs pbg,2024-02-15,755.0,0
Hallsbergs pbg,2024-02-19,630.0,2
Hallsbergs pbg,2024-02-22,630.0,2
Hallsbergs pbg,2024-02-23,630.0,2
Hallsbergs pbg,2024-02-26,630.0,2
Hallsbergs pbg,2024-02-29,480.0,5
Hallsbergs pbg,2024-03-01,630.0,2
Hallsbergs pbg,2024-03-04,630.0,2
Hallsbergs pbg,2024-03-08,630.0,2
Hallsbergs pbg,2024-03-11,666.0,2
Hallsbergs pbg,2024-03-14,630.0,2
Hallsbergs pbg,2024-03-15,630.0,2
Hallsbergs pbg,2024-03-18,630.0,2
Hallsbergs pbg,2024-03-21,630.0,2
Hallsbergs pbg,2024-03-22,630.0,2
Hallsbergs pbg,2024-03-25,630.0,2
Hallsbergs pbg,2024-03-26,630.0,2
Hallsbergs pbg,2024-03-27,630.0,2
Hallsbergs pbg,2024-04-02,628.0,2
Hallsbergs pbg,2024-04-05,628.0,2
Hallsbergs pbg,2024-04-08,628.0,2
Hallsbergs pbg,2024-04-11,628.0,2
Hallsbergs pbg,2024-04-12,628.0,2
Hallsbergs pbg,2024-04-15,628.0,2
Hallsbergs pbg,2024-04-16,628.0,2
Hallsbergs pbg,2024-04-18,628.0,2
Hallsbergs pbg,2024-04-24,628.0,2
Hallsbergs pbg,2024-04-25,628.0,2
Hallsbergs pbg,2024-04-26,628.0,2
Hallsbergs pbg,2024-04-29,628.0,2
Hallsbergs pbg,2024-05-03,628.0,2
Hallsbergs pbg,2024-05-06,608.0,3
Hallsbergs pbg,2024-05-07,608.0,3
Hallsbergs pbg,2024-05-08,608.0,3
Hallsbergs pbg,2024-05-10,608.0,3
Hallsbergs pbg,2024-05-14,628.0,2
Hallsbergs pbg,2024-05-15,628.0,2
Hallsbergs pbg,2024-05-16,628.0,2
Hallsbergs pbg,2024-05-17,628.0,2
Hallsbergs pbg,2024-05-22,628.0,2
Hallsbergs pbg,2024-05-23,628.0,2
Hallsbergs pbg,2024-05-24,628.0,2
Hallsbergs pbg,2024-05-27,628.0,2
Hallsbergs pbg,2024-05-28,628.0,2
Hallsbergs pbg,2024-05-29,628.0,2
Hallsbergs pbg,2024-05-30,628.0,2
Hallsbergs pbg,2024-05-31,628.0,2
Hallsbergs pbg,2024-06-03,628.0,2
Hallsbergs pbg,2024-06-04,628.0,2
Hallsbergs pbg,2024-06-05,628.0,2
Hallsbergs pbg,2024-06-07,628.0,2
Hallsbergs pbg,2024-06-10,628.0,2
Hallsbergs pbg,2024-06-12,628.0,2
Hallsbergs pbg,2024-06-13,628.0,2
Hallsbergs pbg,2024-06-14,628.0,2
Hallsbergs pbg,2024-06-17,628.0,2
Hallsbergs pbg,2024-06-18,628.0,2
Hallsbergs pbg,2024-06-19,628.0,2
Hallsbergs pbg,2024-06-20,628.0,2
Hallsbergs pbg,2024-06-24,628.0,2
Hallsbergs pbg,2024-06-25,628.0,2
Hallsbergs pbg,2024-07-02,628.0,2
Hallsbergs pbg,2024-07-03,628.0,2
Hallsbergs pbg,2024-07-08,628.0,2
Hallsbergs pbg,2024-07-09,628.0,2
Hallsbergs pbg,2024-07-10,628.0,2
Hallsbergs pbg,2024-07-11,628.0,2
Hallsbergs pbg,2024-07-12,628.0,2
Hallsbergs pbg,2024-07-15,628.0,2
Hallsbergs pbg,2024-07-17,628.0,2
Hallsbergs pbg,2024-07-19,628.0,2
Hallsbergs pbg,2024-07-22,628.0,2
Hallsbergs pbg,2024-07-24,628.0,2
Hallsbergs pbg,2024-07-31,628.0,2
Hallsbergs pbg,2024-08-16,628.0,2
Hallsbergs pbg,2024-08-19,628.0,2
Hallsbergs pbg,2024-08-21,628.0,2
Hallsbergs pbg,2024-08-28,628.0,2
Hallsbergs pbg,2024-08-30,628.0,2
Hallsbergs pbg,2024-09-02,628.0,2
Hallsbergs pbg,2024-09-03,628.0,2
Hallsbergs pbg,2024-09-04,628.0,2
Hallsbergs pbg,2024-09-05,628.0,2
Hallsbergs pbg,2024-09-06,628.0,2
Hallsbergs pbg,2024-09-11,628.0,2
Hallsbergs pbg,2024-09-12,626.0,2
Hallsbergs pbg,2024-09-16,621.0,3
Hallsbergs pbg,2024-09-17,628.0,2
Hallsbergs pbg,2024-09-18,628.0,2
Hallsbergs pbg,2024-09-19,628.0,2
Hallsbergs pbg,2024-09-24,628.0,2
Hallsbergs pbg,2024-09-25,628.0,2
Hallsbergs pbg,2024-09-26,628.0,2
Hallsbergs pbg,2024-09-27,628.0,2
Hallsbergs pbg,2024-10-02,628.0,2
Hallsbergs pbg,2024-10-03,628.0,2
Hallsbergs pbg,2024-10-08,628.0,2
Hallsbergs pbg,2024-10-09,628.0,2
Hallsbergs pbg,2024-10-10,626.0,2
Hallsbergs pbg,2024-10-11,628.0,2
Hallsbergs pbg,2024-10-14,628.0,2
Hallsbergs pbg,2024-10-15,628.0,2
Hallsbergs pbg,2024-10-16,628.0,2
Hallsbergs pbg,2024-10-17,628.0,2
Hallsbergs pbg,2024-10-18,625.0,2
Hallsbergs pbg,2024-10-21,628.0,2
Hallsbergs pbg,2024-10-22,628.0,2
Hallsbergs pbg,2024-10-28,621.0,3
Hallsbergs pbg,2024-10-29,628.0,2
Hallsbergs pbg,2024-10-31,611.0,3
Hallsbergs pbg,2024-11-01,628.0,2
Hallsbergs pbg,2024-11-04,628.0,2
Hallsbergs pbg,2024-11-05,628.0,2
Hallsbergs pbg,2024-11-06,628.0,2
Hallsbergs pbg,2024-11-07,628.0,2
Hallsbergs pbg,2024-11-12,628.0,2
Hallsbergs pbg,2024-11-15,628.0,2
Hallsbergs pbg,2024-11-18,628.0,2
Hallsbergs pbg,2024-11-19,628.0,2
Hallsbergs pbg,2024-11-20,628.0,2
Hallsbergs pbg,2024-11-21,628.0,2
Hallsbergs pbg,2024-11-22,628.0,2
Hallsbergs pbg,2024-11-25,628.0,2
Hallsbergs pbg,2024-11-26,628.0,2
Hallsbergs pbg,2024-11-27,628.0,2
Hallsbergs pbg,2024-11-28,628.0,2
Hallsbergs pbg,2024-11-29,628.0,2
Hallsbergs pbg,2024-12-02,628.0,2
Hallsbergs pbg,2024-12-03,628.0,2
Hallsbergs pbg,2024-12-04,628.0,2
Hallsbergs pbg,2024-12-05,628.0,2
Hallsbergs pbg,2024-12-06,628.0,2
Hallsbergs pbg,2024-12-09,628.0,2
Hallsbergs pbg,2024-12-10,628.0,2
Hallsbergs pbg,2024-12-12,628.0,2
Hallsbergs pbg,2024-12-13,628.0,2
Skebokvarn,2024-01-02,494.0,4
Skebokvarn,2024-01-04,494.0,4
Skebokvarn,2024-01-05,494.0,4
Skebokvarn,2024-01-08,494.0,4
Skebokvarn,2024-01-12,494.0,4
Skebokvarn,2024-01-15,494.0,4
Skebokvarn,2024-01-16,494.0,4
Skebokvarn,2024-01-18,494.0,4
Skebokvarn,2024-01-19,494.0,4
Skebokvarn,2024-01-25,494.0,4
Skebokvarn,2024-01-26,494.0,4
Skebokvarn,2024-01-29,494.0,4
Skebokvarn,2024-01-30,494.0,4
Skebokvarn,2024-02-01,494.0,4
Skebokvarn,2024-02-02,494.0,4
Skebokvarn,2024-02-05,494.0,4
Skebokvarn,2024-02-08,494.0,4
Skebokvarn,2024-02-09,494.0,4
Skebokvarn,2024-02-12,494.0,4
Skebokvarn,2024-02-13,494.0,4
Skebokvarn,2024-02-15,617.0,1
Skebokvarn,2024-02-19,494.0,4
Skebokvarn,2024-02-22,494.0,4
Skebokvarn,2024-02-23,494.0,4
Skebokvarn,2024-02-26,494.0,4
Skebokvarn,2024-02-29,332.0,6
Skebokvarn,2024-03-01,494.0,4
Skebokvarn,2024-03-04,494.0,4
Skebokvarn,2024-03-08,494.0,4
Skebokvarn,2024-03-11,533.0,3
Skebokvarn,2024-03-14,494.0,4
Skebokvarn,2024-03-15,494.0,4
Skebokvarn,2024-03-18,494.0,4
Skebokvarn,2024-03-21,494.0,4
Skebokvarn,2024-03-22,494.0,4
Skebokvarn,2024-03-25,494.0,4
Skebokvarn,2024-03-26,494.0,4
Skebokvarn,2024-03-27,494.0,4
Skebokvarn,2024-04-02,494.0,4
Skebokvarn,2024-04-05,494.0,4
Skebokvarn,2024-04-08,494.0,4
Skebokvarn,2024-04-11,494.0,4
Skebokvarn,2024-04-12,494.0,4
Skebokvarn,2024-04-15,494.0,4
Skebokvarn,2024-04-16,494.0,4
Skebokvarn,2024-04-18,494.0,4
Skebokvarn,2024-04-24,494.0,4
Skebokvarn,2024-04-25,494.0,4
Skebokvarn,2024-04-26,494.0,4
Skebokvarn,2024-04-29,494.0,4
Skebokvarn,2024-05-03,494.0,4
Skebokvarn,2024-05-06,473.0,4
Skebokvarn,2024-05-07,473.0,4
Skebokvarn,2024-05-08,473.0,4
Skebokvarn,2024-05-10,473.0,4
Skebokvarn,2024-05-14,494.0,4
Skebokvarn,2024-05-15,494.0,4
Skebokvarn,2024-05-16,494.0,4
Skebokvarn,2024-05-17,494.0,4
Skebokvarn,2024-05-22,494.0,4
Skebokvarn,2024-05-23,494.0,4
Skebokvarn,2024-05-24,494.0,4
Skebokvarn,2024-05-27,493.0,4
Skebokvarn,2024-05-28,493.0,4
Skebokvarn,2024-05-29,493.0,4
Skebokvarn,2024-05-30,493.0,4
Skebokvarn,2024-05-31,493.0,4
Skebokvarn,2024-06-03,494.0,4
Skebokvarn,2024-06-04,494.0,4
Skebokvarn,2024-06-05,494.0,4
Skebokvarn,2024-06-07,494.0,4
Skebokvarn,2024-06-10,494.0,4
Skebokvarn,2024-06-12,494.0,4
Skebokvarn,2024-06-13,494.0,4
Skebokvarn,2024-06-14,494.0,4
Skebokvarn,2024-06-17,494.0,4
Skebokvarn,2024-06-18,494.0,4
Skebokvarn,2024-06-19,494.0,4
Skebokvarn,2024-06-20,494.0,4
Skebokvarn,2024-06-24,494.0,4
Skebokvarn,2024-06-25,494.0,4
Skebokvarn,2024-07-02,494.0,4
Skebokvarn,2024-07-03,494.0,4
Skebokvarn,2024-07-08,494.0,4
Skebokvarn,2024-07-09,494.0,4
Skebokvarn,2024-07-10,494.0,4
Skebokvarn,2024-07-11,494.0,4
Skebokvarn,2024-07-12,494.0,4
Skebokvarn,2024-07-15,494.0,4
Skebokvarn,2024-07-17,494.0,4
Skebokvarn,2024-07-19,494.0,4
Skebokvarn,2024-07-22,493.0,4
Skebokvarn,2024-07-24,493.0,4
Skebokvarn,2024-07-26,493.0,4
Skebokvarn,2024-07-31,494.0,4
Skebokvarn,2024-08-16,494.0,4
Skebokvarn,2024-08-19,494.0,4
Skebokvarn,2024-08-21,494.0,4
Skebokvarn,2024-08-28,494.0,4
Skebokvarn,2024-08-30,494.0,4
Skebokvarn,2024-09-02,494.0,4
Skebokvarn,2024-09-03,494.0,4
Skebokvarn,2024-09-04,494.0,4
Skebokvarn,2024-09-05,494.0,4
Skebokvarn,2024-09-06,494.0,4
Skebokvarn,2024-09-11,494.0,4
Skebokvarn,2024-09-12,485.0,4
Skebokvarn,2024-09-16,491.0,4
Skebokvarn,2024-09-17,494.0,4
Skebokvarn,2024-09-18,494.0,4
Skebokvarn,2024-09-19,494.0,4
Skebokvarn,2024-09-24,494.0,4
Skebokvarn,2024-09-25,494.0,4
Skebokvarn,2024-09-26,494.0,4
Skebokvarn,2024-09-27,494.0,4
Skebokvarn,2024-09-28,828.0,6
Skebokvarn,2024-10-02,493.0,4
Skebokvarn,2024-10-03,493.0,4
Skebokvarn,2024-10-08,494.0,4
Skebokvarn,2024-10-09,494.0,4
Skebokvarn,2024-10-10,496.0,4
Skebokvarn,2024-10-11,494.0,4
Skebokvarn,2024-10-14,477.0,4
Skebokvarn,2024-10-15,477.0,4
Skebokvarn,2024-10-16,477.0,4
Skebokvarn,2024-10-17,477.0,4
Skebokvarn,2024-10-18,476.0,4
Skebokvarn,2024-10-21,494.0,4
Skebokvarn,2024-10-22,494.0,4
Skebokvarn,2024-10-28,491.0,4
Skebokvarn,2024-10-29,495.0,4
Skebokvarn,2024-10-31,476.0,4
Skebokvarn,2024-11-01,494.0,4
Skebokvarn,2024-11-04,494.0,4
Skebokvarn,2024-11-05,494.0,4
Skebokvarn,2024-11-06,494.0,4
Skebokvarn,2024-11-07,494.0,4
Skebokvarn,2024-11-12,494.0,4
Skebokvarn,2024-11-15,494.0,4
Skebokvarn,2024-11-18,494.0,4
Skebokvarn,2024-11-19,494.0,4
Skebokvarn,2024-11-20,494.0,4
Skebokvarn,2024-11-21,494.0,4
Skebokvarn,2024-11-22,494.0,4
Skebokvarn,2024-11-25,494.0,4
Skebokvarn,2024-11-26,494.0,4
Skebokvarn,2024-11-27,494.0,4
Skebokvarn,2024-11-28,494.0,4
Skebokvarn,2024-11-29,494.0,4
Skebokvarn,2024-12-02,494.0,4
Skebokvarn,2024-12-03,494.0,4
Skebokvarn,2024-12-04,494.0,4
Skebokvarn,2024-12-05,494.0,4
Skebokvarn,2024-12-06,494.0,4
Skebokvarn,2024-12-09,494.0,4
Skebokvarn,2024-12-10,494.0,4
Skebokvarn,2024-12-12,494.0,4
Skebokvarn,2024-12-13,494.0,4
Hallsbergs rangerbangård,2024-01-02,670.0,2
Hallsbergs rangerbangård,2024-01-04,670.0,2
Hallsbergs rangerbangård,2024-01-05,670.0,2
Hallsbergs rangerbangård,2024-01-08,670.0,2
Hallsbergs rangerbangård,2024-01-12,670.0,2
Hallsbergs rangerbangård,2024-01-15,670.0,2
Hallsbergs rangerbangård,2024-01-16,670.0,2
Hallsbergs rangerbangård,2024-01-18,670.0,2
Hallsbergs rangerbangård,2024-01-19,670.0,2
Hallsbergs rangerbangård,2024-01-25,670.0,2
Hallsbergs rangerbangård,2024-01-26,670.0,2
Hallsbergs rangerbangård,2024-01-29,670.0,2
Hallsbergs rangerbangård,2024-01-30,670.0,2
Hallsbergs rangerbangård,2024-02-01,670.0,2
Hallsbergs rangerbangård,2024-02-02,670.0,2
Hallsbergs rangerbangård,2024-02-05,670.0,2
Hallsbergs rangerbangård,2024-02-08,670.0,2
Hallsbergs rangerbangård,2024-02-09,670.0,2
Hallsbergs rangerbangård,2024-02-12,670.0,2
Hallsbergs rangerbangård,2024-02-13,670.0,2
Hallsbergs rangerbangård,2024-02-15,794.0,0
Hallsbergs rangerbangård,2024-02-19,670.0,2
Hallsbergs rangerbangård,2024-02-22,670.0,2
Hallsbergs rangerbangård,2024-02-23,670.0,2
Hallsbergs rangerbangård,2024-02-26,670.0,2
Hallsbergs rangerbangård,2024-02-29,519.0,5
Hallsbergs rangerbangård,2024-03-01,670.0,2
Hallsbergs rangerbangård,2024-03-04,670.0,2
Hallsbergs rangerbangård,2024-03-08,670.0,2
Hallsbergs rangerbangård,2024-03-11,705.0,2
Hallsbergs rangerbangård,2024-03-14,670.0,2
Hallsbergs rangerbangård,2024-03-15,670.0,2
Hallsbergs rangerbangård,2024-03-18,670.0,2
Hallsbergs rangerbangård,2024-03-21,670.0,2
Hallsbergs rangerbangård,2024-03-22,670.0,2
Hallsbergs rangerbangård,2024-03-25,670.0,2
Hallsbergs rangerbangård,2024-03-26,670.0,2
Hallsbergs rangerbangård,2024-03-27,670.0,2
Hallsbergs rangerbangård,2024-04-02,643.0,2
Hallsbergs rangerbangård,2024-04-05,643.0,2
Hallsbergs rangerbangård,2024-04-08,643.0,2
Hallsbergs rangerbangård,2024-04-11,643.0,2
Hallsbergs rangerbangård,2024-04-12,643.0,2
Hallsbergs rangerbangård,2024-04-15,643.0,2
Hallsbergs rangerbangård,2024-04-16,643.0,2
Hallsbergs rangerbangård,2024-04-18,643.0,2
Hallsbergs rangerbangård,2024-04-24,643.0,2
Hallsbergs rangerbangård,2024-04-25,643.0,2
Hallsbergs rangerbangård,2024-04-26,643.0,2
Hallsbergs rangerbangård,2024-04-29,643.0,2
Hallsbergs rangerbangård,2024-05-03,643.0,2
Hallsbergs rangerbangård,2024-05-06,622.0,3
Hallsbergs rangerbangård,2024-05-07,622.0,3
Hallsbergs rangerbangård,2024-05-08,643.0,2
Hallsbergs rangerbangård,2024-05-10,643.0,2
Hallsbergs rangerbangård,2024-05-14,643.0,2
Hallsbergs rangerbangård,2024-05-15,643.0,2
Hallsbergs rangerbangård,2024-05-16,643.0,2
Hallsbergs rangerbangård,2024-05-17,643.0,2
Hallsbergs rangerbangård,2024-05-22,643.0,2
Hallsbergs rangerbangård,2024-05-23,643.0,2
Hallsbergs rangerbangård,2024-05-24,643.0,2
Hallsbergs rangerbangård,2024-05-27,642.0,2
Hallsbergs rangerbangård,2024-05-28,642.0,2
Hallsbergs rangerbangård,2024-05-29,642.0,2
Hallsbergs rangerbangård,2024-05-30,642.0,2
Hallsbergs rangerbangård,2024-05-31,642.0,2
Hallsbergs rangerbangård,2024-06-03,643.0,2
Hallsbergs rangerbangård,2024-06-04,643.0,2
Hallsbergs rangerbangård,2024-06-05,643.0,2
Hallsbergs rangerbangård,2024-06-07,643.0,2
Hallsbergs rangerbangård,2024-06-10,643.0,2
Hallsbergs rangerbangård,2024-06-12,643.0,2
Hallsbergs rangerbangård,2024-06-13,643.0,2
Hallsbergs rangerbangård,2024-06-14,643.0,2
Hallsbergs rangerbangård,2024-06-17,643.0,2
Hallsbergs rangerbangård,2024-06-18,643.0,2
Hallsbergs rangerbangård,2024-06-19,643.0,2
Hallsbergs rangerbangård,2024-06-20,643.0,2
Hallsbergs rangerbangård,2024-06-24,643.0,2
Hallsbergs rangerbangård,2024-06-25,643.0,2
Hallsbergs rangerbangård,2024-07-02,643.0,2
Hallsbergs rangerbangård,2024-07-03,643.0,2
Hallsbergs rangerbangård,2024-07-08,643.0,2
Hallsbergs rangerbangård,2024-07-09,643.0,2
Hallsbergs rangerbangård,2024-07-10,643.0,2
Hallsbergs rangerbangård,2024-07-11,643.0,2
Hallsbergs rangerbangård,2024-07-12,643.0,2
Hallsbergs rangerbangård,2024-07-15,643.0,2
Hallsbergs rangerbangård,2024-07-17,643.0,2
Hallsbergs rangerbangård,2024-07-19,643.0,2
Hallsbergs rangerbangård,2024-07-22,643.0,2
Hallsbergs rangerbangård,2024-07-24,643.0,2
Hallsbergs rangerbangård,2024-07-31,643.0,2
Hallsbergs rangerbangård,2024-08-16,643.0,2
Hallsbergs rangerbangård,2024-08-19,643.0,2
Hallsbergs rangerbangård,2024-08-21,643.0,2
Hallsbergs rangerbangård,2024-08-28,643.0,2
Hallsbergs rangerbangård,2024-08-30,643.0,2
Hallsbergs rangerbangård,2024-09-02,643.0,2
Hallsbergs rangerbangård,2024-09-03,643.0,2
Hallsbergs rangerbangård,2024-09-04,643.0,2
Hallsbergs rangerbangård,2024-09-05,643.0,2
Hallsbergs rangerbangård,2024-09-06,643.0,2
Hallsbergs rangerbangård,2024-09-11,643.0,2
Hallsbergs rangerbangård,2024-09-12,640.0,2
Hallsbergs rangerbangård,2024-09-16,643.0,2
Hallsbergs rangerbangård,2024-09-17,643.0,2
Hallsbergs rangerbangård,2024-09-18,643.0,2
Hallsbergs rangerbangård,2024-09-19,643.0,2
Hallsbergs rangerbangård,2024-09-24,643.0,2
Hallsbergs rangerbangård,2024-09-25,643.0,2
Hallsbergs rangerbangård,2024-09-26,643.0,2
Hallsbergs rangerbangård,2024-09-27,643.0,2
Hallsbergs rangerbangård,2024-10-02,643.0,2
Hallsbergs rangerbangård,2024-10-03,643.0,2
Hallsbergs rangerbangård,2024-10-08,643.0,2
Hallsbergs rangerbangård,2024-10-09,643.0,2
Hallsbergs rangerbangård,2024-10-10,640.0,2
Hallsbergs rangerbangård,2024-10-11,643.0,2
Hallsbergs rangerbangård,2024-10-14,643.0,2
Hallsbergs rangerbangård,2024-10-15,643.0,2
Hallsbergs rangerbangård,2024-10-16,642.0,2
Hallsbergs rangerbangård,2024-10-17,642.0,2
Hallsbergs rangerbangård,2024-10-18,639.0,2
Hallsbergs rangerbangård,2024-10-21,643.0,2
Hallsbergs rangerbangård,2024-10-22,643.0,2
Hallsbergs rangerbangård,2024-10-28,643.0,2
Hallsbergs rangerbangård,2024-10-29,643.0,2
Hallsbergs rangerbangård,2024-10-31,625.0,3
Hallsbergs rangerbangård,2024-11-01,643.0,2
Hallsbergs rangerbangård,2024-11-05,643.0,2
Hallsbergs rangerbangård,2024-11-06,643.0,2
Hallsbergs rangerbangård,2024-11-07,643.0,2
Hallsbergs rangerbangård,2024-11-12,643.0,2
Hallsbergs rangerbangård,2024-11-15,643.0,2
Hallsbergs rangerbangård,2024-11-18,643.0,2
Hallsbergs rangerbangård,2024-11-19,643.0,2
Hallsbergs rangerbangård,2024-11-20,643.0,2
Hallsbergs rangerbangård,2024-11-21,643.0,2
Hallsbergs rangerbangård,2024-11-22,643.0,2
Hallsbergs rangerbangård,2024-11-25,643.0,2
Hallsbergs rangerbangård,2024-11-26,643.0,2
Hallsbergs rangerbangård,2024-11-27,643.0,2
Hallsbergs rangerbangård,2024-11-28,643.0,2
Hallsbergs rangerbangård,2024-11-29,643.0,2
Hallsbergs rangerbangård,2024-12-02,643.0,2
Hallsbergs rangerbangård,2024-12-03,643.0,2
Hallsbergs rangerbangård,2024-12-04,643.0,2
Hallsbergs rangerbangård,2024-12-05,643.0,2
Hallsbergs rangerbangård,2024-12-06,643.0,2
Hallsbergs rangerbangård,2024-12-09,643.0,2
Hallsbergs rangerbangård,2024-12-10,643.0,2
Hallsbergs rangerbangård,2024-12-12,643.0,2
Hallsbergs rangerbangård,2024-12-13,643.0,2
Lerum,2024-01-02,1011.0,0
Lerum,2024-01-04,1011.0,0
Lerum,2024-01-05,1011.0,0
Lerum,2024-01-08,1011.0,0
Lerum,2024-01-12,1011.0,0
Lerum,2024-01-15,1011.0,0
Lerum,2024-01-16,1011.0,0
Lerum,2024-01-18,1011.0,0
Lerum,2024-01-19,1011.0,0
Lerum,2024-01-25,1011.0,0
Lerum,2024-01-26,1011.0,0
Lerum,2024-01-29,1011.0,0
Lerum,2024-01-30,1011.0,0
Lerum,2024-02-01,1011.0,0
Lerum,2024-02-02,1011.0,0
Lerum,2024-02-05,1011.0,0
Lerum,2024-02-08,1011.0,0
Lerum,2024-02-09,1011.0,0
Lerum,2024-02-12,1011.0,0
Lerum,2024-02-13,1011.0,0
Lerum,2024-02-19,1011.0,0
Lerum,2024-02-22,1011.0,0
Lerum,2024-02-23,1011.0,0
Lerum,2024-02-26,1011.0,0
Lerum,2024-03-01,1011.0,0
Lerum,2024-03-04,1011.0,0
Lerum,2024-03-08,1011.0,0
Lerum,2024-03-14,1011.0,0
Lerum,2024-03-15,1011.0,0
Lerum,2024-03-18,1011.0,0
Lerum,2024-03-21,1011.0,0
Lerum,2024-03-22,1011.0,0
Lerum,2024-03-25,1011.0,0
Lerum,2024-03-26,1011.0,0
Lerum,2024-03-27,1011.0,0
Lerum,2024-04-02,1010.0,0
Lerum,2024-04-05,1000.0,0
Lerum,2024-04-08,1000.0,0
Lerum,2024-04-11,1000.0,0
Lerum,2024-04-12,1000.0,0
Lerum,2024-04-15,1000.0,0
Lerum,2024-04-16,1000.0,0
Lerum,2024-04-18,1000.0,0
Lerum,2024-04-24,1000.0,0
Lerum,2024-04-25,1000.0,0
Lerum,2024-04-26,1000.0,0
Lerum,2024-04-29,1000.0,0
Lerum,2024-05-03,1000.0,0
Lerum,2024-05-06,993.0,0
Lerum,2024-05-07,993.0,0
Lerum,2024-05-08,1000.0,0
Lerum,2024-05-10,1000.0,0
Lerum,2024-05-14,1000.0,0
Lerum,2024-05-15,1000.0,0
Lerum,2024-05-16,1000.0,0
Lerum,2024-05-17,1000.0,0
Lerum,2024-05-22,1000.0,0
Lerum,2024-05-23,1000.0,0
Lerum,2024-05-24,1000.0,0
Lerum,2024-05-27,1000.0,0
Lerum,2024-05-28,1000.0,0
Lerum,2024-05-29,1000.0,0
Lerum,2024-05-30,1000.0,0
Lerum,2024-05-31,1000.0,0
Lerum,2024-06-03,1000.0,0
Lerum,2024-06-04,1000.0,0
Lerum,2024-06-05,1000.0,0
Lerum,2024-06-07,1000.0,0
Lerum,2024-06-10,1000.0,0
Lerum,2024-06-12,1000.0,0
Lerum,2024-06-13,1000.0,0
Lerum,2024-06-14,1000.0,0
Lerum,2024-06-17,1000.0,0
Lerum,2024-06-18,1000.0,0
Lerum,2024-06-19,1000.0,0
Lerum,2024-06-20,1000.0,0
Lerum,2024-06-24,1000.0,0
Lerum,2024-06-25,1000.0,0
Lerum,2024-07-02,1000.0,0
Lerum,2024-07-03,1000.0,0
Lerum,2024-07-08,1000.0,0
Lerum,2024-07-09,1000.0,0
Lerum,2024-07-10,1000.0,0
Lerum,2024-07-11,1000.0,0
Lerum,2024-07-12,1000.0,0
Lerum,2024-07-15,1000.0,0
Lerum,2024-07-17,1000.0,0
Lerum,2024-07-19,1000.0,0
Lerum,2024-07-22,1000.0,0
Lerum,2024-07-24,1000.0,0
Lerum,2024-07-26,1000.0,0
Lerum,2024-07-31,1000.0,0
Lerum,2024-08-16,1000.0,0
Lerum,2024-08-19,1000.0,0
Lerum,2024-08-21,1000.0,0
Lerum,2024-08-28,1000.0,0
Lerum,2024-08-30,1000.0,0
Lerum,2024-09-02,1000.0,0
Lerum,2024-09-03,1000.0,0
Lerum,2024-09-04,1000.0,0
Lerum,2024-09-05,1000.0,0
Lerum,2024-09-06,1000.0,0
Lerum,2024-09-11,1000.0,0
Lerum,2024-09-17,1000.0,0
Lerum,2024-09-18,1000.0,0
Lerum,2024-09-19,1000.0,0
Lerum,2024-09-24,1000.0,0
Lerum,2024-09-25,1000.0,0
Lerum,2024-09-26,1000.0,0
Lerum,2024-09-27,1000.0,0
Lerum,2024-10-02,1000.0,0
Lerum,2024-10-03,1000.0,0
Lerum,2024-10-08,1000.0,0
Lerum,2024-10-09,1000.0,0
Lerum,2024-10-10,997.0,0
Lerum,2024-10-11,1000.0,0
Lerum,2024-10-14,999.0,0
Lerum,2024-10-15,999.0,0
Lerum,2024-10-16,999.0,0
Lerum,2024-10-17,999.0,0
Lerum,2024-10-18,1000.0,0
Lerum,2024-10-21,1000.0,0
Lerum,2024-10-22,1000.0,0
Lerum,2024-10-29,999.0,0
Lerum,2024-10-31,992.0,0
Lerum,2024-11-01,1000.0,0
Lerum,2024-11-04,1000.0,0
Lerum,2024-11-05,1000.0,0
Lerum,2024-11-06,1000.0,0
Lerum,2024-11-07,1000.0,0
Lerum,2024-11-12,1000.0,0
Lerum,2024-11-15,1000.0,0
Lerum,2024-11-18,1000.0,0
Lerum,2024-11-19,1000.0,0
Lerum,2024-11-20,1000.0,0
Lerum,2024-11-21,1000.0,0
Lerum,2024-11-22,1000.0,0
Lerum,2024-11-25,1000.0,0
Lerum,2024-11-26,1000.0,0
Lerum,2024-11-27,1000.0,0
Lerum,2024-11-28,1000.0,0
Lerum,2024-11-29,1000.0,0
Lerum,2024-12-02,1000.0,0
Lerum,2024-12-03,1000.0,0
Lerum,2024-12-04,1000.0,0
Lerum,2024-12-05,1000.0,0
Lerum,2024-12-06,1000.0,0
Lerum,2024-12-09,1000.0,0
Lerum,2024-12-10,1000.0,0
Lerum,2024-12-12,1000.0,0
Lerum,2024-12-13,1000.0,0
Laxå,2024-01-02,705.0,2
Laxå,2024-01-04,705.0,2
Laxå,2024-01-05,705.0,2
Laxå,2024-01-08,705.0,2
Laxå,2024-01-12,705.0,2
Laxå,2024-01-15,705.0,2
Laxå,2024-01-16,705.0,2
Laxå,2024-01-18,705.0,2
Laxå,2024-01-19,705.0,2
Laxå,2024-01-25,705.0,2
Laxå,2024-01-26,705.0,2
Laxå,2024-01-29,705.0,2
Laxå,2024-01-30,705.0,2
Laxå,2024-02-01,705.0,2
Laxå,2024-02-02,705.0,2
Laxå,2024-02-05,705.0,2
Laxå,2024-02-08,705.0,2
Laxå,2024-02-09,705.0,2
Laxå,2024-02-12,705.0,2
Laxå,2024-02-13,705.0,2
Laxå,2024-02-15,829.0,0
Laxå,2024-02-19,705.0,2
Laxå,2024-02-22,705.0,2
Laxå,2024-02-23,705.0,2
Laxå,2024-02-26,705.0,2
Laxå,2024-02-29,554.0,5
Laxå,2024-03-01,705.0,2
Laxå,2024-03-04,705.0,2
Laxå,2024-03-08,705.0,2
Laxå,2024-03-11,740.0,1
Laxå,2024-03-14,705.0,2
Laxå,2024-03-15,705.0,2
Laxå,2024-03-18,705.0,2
Laxå,2024-03-21,705.0,2
Laxå,2024-03-22,705.0,2
Laxå,2024-03-25,705.0,2
Laxå,2024-03-26,705.0,2
Laxå,2024-03-27,705.0,2
Laxå,2024-04-02,697.0,2
Laxå,2024-04-05,697.0,2
Laxå,2024-04-08,697.0,2
Laxå,2024-04-11,697.0,2
Laxå,2024-04-12,697.0,2
Laxå,2024-04-15,697.0,2
Laxå,2024-04-16,697.0,2
Laxå,2024-04-18,697.0,2
Laxå,2024-04-24,697.0,2
Laxå,2024-04-25,697.0,2
Laxå,2024-04-26,697.0,2
Laxå,2024-04-29,697.0,2
Laxå,2024-05-03,697.0,2
Laxå,2024-05-06,676.0,2
Laxå,2024-05-07,676.0,2
Laxå,2024-05-08,697.0,2
Laxå,2024-05-10,697.0,2
Laxå,2024-05-14,697.0,2
Laxå,2024-05-15,697.0,2
Laxå,2024-05-16,697.0,2
Laxå,2024-05-17,697.0,2
Laxå,2024-05-22,697.0,2
Laxå,2024-05-23,697.0,2
Laxå,2024-05-24,697.0,2
Laxå,2024-05-27,697.0,2
Laxå,2024-05-28,697.0,2
Laxå,2024-05-29,697.0,2
Laxå,2024-05-30,697.0,2
Laxå,2024-05-31,697.0,2
Laxå,2024-06-03,697.0,2
Laxå,2024-06-04,697.0,2
Laxå,2024-06-05,697.0,2
Laxå,2024-06-07,697.0,2
Laxå,2024-06-10,697.0,2
Laxå,2024-06-12,697.0,2
Laxå,2024-06-13,697.0,2
Laxå,2024-06-14,697.0,2
Laxå,2024-06-17,697.0,2
Laxå,2024-06-18,697.0,2
Laxå,2024-06-19,697.0,2
Laxå,2024-06-20,697.0,2
Laxå,2024-06-24,697.0,2
Laxå,2024-06-25,697.0,2
Laxå,2024-07-02,697.0,2
Laxå,2024-07-03,697.0,2
Laxå,2024-07-08,697.0,2
Laxå,2024-07-09,697.0,2
Laxå,2024-07-10,697.0,2
Laxå,2024-07-11,697.0,2
Laxå,2024-07-12,697.0,2
Laxå,2024-07-15,697.0,2
Laxå,2024-07-17,697.0,2
Laxå,2024-07-19,697.0,2
Laxå,2024-07-22,697.0,2
Laxå,2024-07-24,697.0,2
Laxå,2024-07-26,697.0,2
Laxå,2024-07-31,697.0,2
Laxå,2024-08-16,697.0,2
Laxå,2024-08-19,697.0,2
Laxå,2024-08-21,697.0,2
Laxå,2024-08-28,697.0,2
Laxå,2024-08-30,697.0,2
Laxå,2024-09-02,697.0,2
Laxå,2024-09-03,697.0,2
Laxå,2024-09-04,697.0,2
Laxå,2024-09-05,697.0,2
Laxå,2024-09-06,697.0,2
Laxå,2024-09-11,697.0,2
Laxå,2024-09-12,675.0,2
Laxå,2024-09-16,697.0,2
Laxå,2024-09-17,697.0,2
Laxå,2024-09-18,697.0,2
Laxå,2024-09-19,697.0,2
Laxå,2024-09-24,697.0,2
Laxå,2024-09-25,697.0,2
Laxå,2024-09-26,697.0,2
Laxå,2024-09-27,697.0,2
Laxå,2024-10-02,697.0,2
Laxå,2024-10-03,697.0,2
Laxå,2024-10-08,697.0,2
Laxå,2024-10-09,697.0,2
Laxå,2024-10-10,694.0,2
Laxå,2024-10-11,697.0,2
Laxå,2024-10-14,697.0,2
Laxå,2024-10-15,697.0,2
Laxå,2024-10-16,696.0,2
Laxå,2024-10-17,696.0,2
Laxå,2024-10-18,693.0,2
Laxå,2024-10-21,697.0,2
Laxå,2024-10-22,697.0,2
Laxå,2024-10-28,697.0,2
Laxå,2024-10-29,697.0,2
Laxå,2024-10-31,679.0,2
Laxå,2024-11-01,697.0,2
Laxå,2024-11-04,697.0,2
Laxå,2024-11-05,697.0,2
Laxå,2024-11-06,697.0,2
Laxå,2024-11-07,697.0,2
Laxå,2024-11-12,697.0,2
Laxå,2024-11-15,697.0,2
Laxå,2024-11-18,697.0,2
Laxå,2024-11-19,697.0,2
Laxå,2024-11-20,697.0,2
Laxå,2024-11-21,697.0,2
Laxå,2024-11-22,697.0,2
Laxå,2024-11-25,697.0,2
Laxå,2024-11-26,697.0,2
Laxå,2024-11-27,697.0,2
Laxå,2024-11-28,697.0,2
Laxå,2024-11-29,697.0,2
Laxå,2024-12-02,697.0,2
Laxå,2024-12-03,697.0,2
Laxå,2024-12-04,697.0,2
Laxå,2024-12-05,697.0,2
Laxå,2024-12-06,697.0,2
Laxå,2024-12-09,697.0,2
Laxå,2024-12-10,697.0,2
Laxå,2024-12-12,697.0,2
Laxå,2024-12-13,697.0,2
Södertälje hamn,2024-09-28,746.0,7
